repo_id,commit_time
3473437,2015-10-16T18:55:32Z
3473437,2014-08-06T20:32:54Z
3473437,2012-02-18T00:13:49Z
3473437,2012-02-17T20:24:18Z
1398985,2011-02-22T20:40:09Z
1398985,2011-02-22T19:48:58Z
56004753,2016-04-18T11:50:27Z
56004753,2016-04-18T09:51:08Z
56004753,2016-04-18T09:46:40Z
56004753,2016-04-18T00:30:20Z
56004753,2016-04-12T01:58:36Z
56004753,2016-04-12T01:57:09Z
56004753,2016-04-11T21:17:20Z
56004753,2016-04-11T20:38:38Z
56004753,2016-04-11T20:22:07Z
56004753,2016-04-11T20:20:34Z
7941142,2015-08-25T08:54:39Z
7941142,2013-02-06T16:48:07Z
7941142,2013-02-06T16:46:43Z
7941142,2013-02-06T16:44:26Z
7941142,2013-02-06T16:32:30Z
7941142,2013-02-02T11:40:40Z
7941142,2013-01-31T21:38:10Z
7941142,2013-01-31T21:15:52Z
7941142,2013-01-31T18:22:03Z
7941142,2013-01-31T17:22:54Z
7941142,2013-01-31T17:04:02Z
7941142,2013-01-31T17:03:01Z
7941142,2013-01-31T17:00:10Z
8120179,2016-04-30T06:34:45Z
8120179,2016-04-30T06:26:47Z
8120179,2013-06-04T03:59:52Z
8120179,2013-06-04T03:56:58Z
8120179,2013-03-03T06:40:16Z
8120179,2013-02-28T02:50:45Z
8120179,2013-02-27T19:14:52Z
8120179,2013-02-24T19:49:09Z
8120179,2013-02-23T18:36:56Z
8120179,2013-02-21T08:09:14Z
8120179,2013-02-17T21:51:37Z
8120179,2013-02-16T02:03:40Z
8120179,2013-02-15T16:04:43Z
8120179,2013-02-13T12:39:37Z
8120179,2013-02-10T07:37:09Z
8120179,2013-02-10T07:31:22Z
15601505,2014-01-03T04:52:12Z
5071281,2012-07-22T16:42:17Z
5071281,2012-07-22T13:35:22Z
5071281,2012-07-19T18:21:55Z
5071281,2012-07-18T19:08:28Z
5071281,2012-07-16T18:11:37Z
20595513,2014-06-09T09:10:03Z
20595513,2014-06-09T03:38:57Z
20595513,2014-06-08T15:38:42Z
20595513,2014-06-08T11:01:28Z
20595513,2014-06-08T09:55:19Z
20595513,2014-06-08T09:47:44Z
20595513,2014-06-08T09:46:16Z
20595513,2014-06-07T17:31:46Z
20595513,2014-06-07T17:30:48Z
20595513,2014-06-07T15:07:58Z
20595513,2014-06-07T14:59:29Z
125576,2011-10-04T19:59:48Z
125576,2009-02-10T05:41:01Z
125576,2009-02-10T05:38:00Z
23679618,2015-04-08T15:27:48Z
23679618,2015-06-10T14:06:55Z
23679618,2015-09-06T13:23:48Z
23679618,2015-09-06T13:23:28Z
23679618,2015-09-08T13:12:57Z
23679618,2015-09-07T12:55:49Z
23679618,2015-09-06T11:27:11Z
23679618,2015-06-19T03:56:40Z
23679618,2015-07-01T17:45:45Z
23679618,2015-09-05T15:51:05Z
23679618,2015-09-04T09:59:53Z
23679618,2015-08-01T09:50:58Z
23679618,2014-09-15T04:00:13Z
23679618,2014-09-12T14:06:49Z
23679618,2014-09-12T14:06:28Z
23679618,2014-09-12T04:41:45Z
23679618,2014-09-12T04:41:23Z
23679618,2014-09-12T04:41:08Z
23679618,2014-09-05T19:51:51Z
23679618,2014-09-05T19:47:58Z
23679618,2014-09-05T19:39:17Z
23679618,2014-09-05T19:38:27Z
23679618,2014-09-05T19:37:07Z
23679618,2014-09-05T19:33:12Z
23679618,2014-09-05T19:31:33Z
23679618,2014-09-05T19:30:50Z
23679618,2014-09-05T19:29:28Z
23679618,2014-09-05T19:29:00Z
23679618,2014-09-05T19:28:47Z
23679618,2014-09-05T19:28:34Z
23679618,2014-09-05T17:59:40Z
23679618,2014-09-05T17:58:04Z
23679618,2014-09-06T16:54:38Z
23679618,2014-09-06T16:53:59Z
23679618,2014-09-05T07:18:30Z
5143636,2012-08-07T14:45:37Z
5143636,2012-08-06T18:03:55Z
5143636,2012-08-06T16:59:47Z
5143636,2012-08-06T16:38:47Z
5143636,2012-08-06T16:35:28Z
5143636,2012-08-06T16:35:19Z
5143636,2012-08-03T17:55:06Z
5143636,2012-07-28T03:02:26Z
5143636,2012-07-23T01:32:44Z
5143636,2012-07-23T01:22:55Z
5143636,2012-07-23T00:04:27Z
5143636,2012-07-22T18:24:02Z
53753541,2016-04-05T13:53:16Z
53753541,2016-03-12T21:10:26Z
53753541,2016-03-12T18:28:27Z
53753541,2016-03-12T18:22:15Z
53753541,2016-03-12T18:17:16Z
53753541,2016-03-12T17:54:49Z
53753541,2016-03-12T17:35:43Z
53753541,2016-03-12T17:33:29Z
53753541,2016-03-12T17:30:50Z
53753541,2016-03-12T17:27:51Z
53753541,2016-03-12T17:25:33Z
53753541,2016-03-12T17:22:08Z
53753541,2016-03-12T17:21:08Z
53753541,2016-03-12T17:18:03Z
53753541,2016-03-12T17:16:15Z
8390195,2013-05-03T05:08:12Z
8390195,2013-02-28T12:23:06Z
8390195,2013-02-25T13:01:43Z
8390195,2013-02-25T13:01:16Z
8390195,2013-02-25T00:48:22Z
8390195,2013-02-24T13:10:38Z
8390195,2013-02-24T12:46:04Z
8390195,2013-02-24T12:42:01Z
8390195,2013-02-24T12:05:00Z
1898349,2011-06-15T05:17:39Z
1898349,2011-06-15T04:13:46Z
1898349,2011-06-15T04:12:02Z
1898349,2011-06-15T04:08:32Z
47256024,2015-12-02T11:17:05Z
47256024,2015-11-25T19:38:39Z
47256024,2015-11-25T18:55:12Z
47256024,2015-11-25T18:53:14Z
47256024,2015-11-25T18:46:42Z
47256024,2015-11-25T18:46:17Z
579637,2010-04-15T21:22:26Z
579637,2010-04-15T15:42:37Z
579637,2010-04-15T13:53:31Z
579637,2010-04-15T05:46:45Z
579637,2010-04-14T22:57:25Z
579637,2010-04-12T03:52:24Z
579637,2010-04-11T22:13:07Z
579637,2010-04-09T06:50:38Z
579637,2010-04-08T17:04:17Z
579637,2010-04-07T21:36:31Z
579637,2010-04-07T17:44:10Z
579637,2010-04-06T21:08:53Z
579637,2010-04-06T16:17:24Z
579637,2010-03-25T20:32:32Z
10100128,2013-05-16T11:12:46Z
10100128,2013-05-16T11:10:16Z
10100128,2013-05-16T11:09:40Z
10100128,2013-05-16T10:55:44Z
10100128,2013-05-16T10:54:05Z
10100128,2013-05-16T10:53:30Z
10100128,2013-05-16T10:53:08Z
10100128,2013-05-16T10:48:55Z
10100128,2013-05-15T12:55:06Z
10100128,2013-05-15T12:53:21Z
10100128,2013-05-15T12:51:41Z
10100128,2013-05-15T11:14:56Z
10100128,2013-05-15T11:14:16Z
10100128,2013-05-15T11:09:10Z
10100128,2013-05-15T11:08:38Z
10100128,2013-05-14T22:00:59Z
10100128,2013-05-14T22:00:39Z
10100128,2013-05-14T21:46:01Z
10100128,2013-05-14T13:36:41Z
10100128,2013-05-14T13:03:13Z
10100128,2013-05-14T12:38:51Z
10100128,2013-05-14T12:32:01Z
10100128,2013-05-14T12:09:41Z
10100128,2013-05-14T11:05:25Z
10100128,2013-05-14T03:20:03Z
10100128,2013-05-14T03:15:05Z
10100128,2013-05-14T03:06:23Z
10100128,2013-05-14T02:56:09Z
10100128,2013-05-14T02:51:39Z
10100128,2013-05-14T02:38:24Z
10100128,2013-05-14T02:37:40Z
10100128,2013-05-14T02:36:43Z
10100128,2013-05-14T02:22:28Z
10100128,2013-05-13T14:58:46Z
10100128,2013-05-13T13:21:25Z
10100128,2013-05-13T13:04:56Z
10100128,2013-05-13T13:01:44Z
10100128,2013-05-13T13:01:09Z
10100128,2013-05-13T13:00:45Z
10100128,2013-05-13T13:00:33Z
31375461,2015-05-26T20:11:44Z
31375461,2015-05-25T20:58:02Z
31375461,2015-05-04T22:58:30Z
31375461,2015-05-04T22:47:37Z
31375461,2015-04-19T06:15:50Z
31375461,2015-04-17T17:17:01Z
31375461,2015-04-09T17:10:38Z
31375461,2015-04-05T16:30:33Z
31375461,2015-03-22T02:18:38Z
31375461,2015-03-02T22:42:26Z
31375461,2015-02-26T19:47:51Z
31375461,2015-02-26T19:45:48Z
31375461,2015-02-26T19:37:51Z
31375461,2015-02-26T18:22:45Z
31375461,2015-02-26T17:43:40Z
31375461,2015-02-26T16:20:16Z
31375461,2015-02-26T16:19:47Z
31375461,2015-02-26T16:02:05Z
2561172,2014-06-14T17:07:02Z
2561172,2011-10-12T11:41:58Z
2561172,2011-10-12T09:00:59Z
33822538,2015-12-27T09:20:32Z
33822538,2015-12-26T21:26:45Z
33822538,2015-12-20T19:29:11Z
33822538,2015-10-20T20:37:21Z
33822538,2015-10-19T20:57:42Z
33822538,2015-10-19T20:43:23Z
33822538,2015-10-19T08:50:18Z
33822538,2015-10-17T20:46:37Z
33822538,2015-09-11T15:36:06Z
33822538,2015-09-11T15:35:57Z
33822538,2015-09-11T15:34:41Z
33822538,2015-09-11T15:34:28Z
33822538,2015-09-11T15:32:03Z
33822538,2015-09-11T15:31:31Z
33822538,2015-08-27T08:38:35Z
33822538,2015-08-27T08:31:14Z
33822538,2015-08-27T08:30:30Z
33822538,2015-08-27T08:27:06Z
33822538,2015-08-27T08:26:59Z
33822538,2015-08-27T07:53:04Z
33822538,2015-08-27T07:02:59Z
33822538,2015-08-27T06:38:03Z
33822538,2015-08-27T06:31:25Z
33822538,2015-08-27T06:09:31Z
33822538,2015-08-27T06:08:03Z
33822538,2015-08-26T20:24:39Z
33822538,2015-08-26T07:05:46Z
33822538,2015-08-26T07:05:27Z
33822538,2015-08-26T06:58:05Z
33822538,2015-08-26T06:56:17Z
33822538,2015-08-26T06:54:49Z
33822538,2015-08-26T06:53:42Z
33822538,2015-08-26T06:50:15Z
33822538,2015-08-26T06:46:36Z
33822538,2015-08-26T06:45:26Z
33822538,2015-08-26T06:45:06Z
33822538,2015-08-25T21:30:21Z
33822538,2015-08-25T19:56:57Z
33822538,2015-08-25T19:55:09Z
33822538,2015-08-25T16:35:44Z
33822538,2015-06-05T08:52:10Z
33822538,2015-06-05T08:49:06Z
33822538,2015-05-09T09:26:15Z
33822538,2015-05-09T09:25:04Z
33822538,2015-05-07T08:57:07Z
33822538,2015-05-07T08:55:23Z
33822538,2015-04-13T07:44:19Z
33822538,2015-04-13T07:29:50Z
33822538,2015-04-13T07:29:40Z
33822538,2015-04-13T07:06:39Z
33822538,2015-04-13T07:06:19Z
33822538,2015-04-12T20:30:51Z
33822538,2015-04-12T20:28:18Z
33822538,2015-04-12T20:12:07Z
33822538,2015-04-12T20:11:28Z
33822538,2015-04-12T18:48:18Z
33822538,2015-04-12T18:48:13Z
33822538,2015-04-12T18:32:28Z
33822538,2015-04-12T18:27:20Z
33822538,2015-04-12T18:14:08Z
33822538,2015-04-12T17:29:59Z
33822538,2015-04-12T17:26:46Z
33822538,2015-04-12T17:21:03Z
33822538,2015-04-12T17:20:00Z
33822538,2015-04-12T17:18:10Z
33822538,2015-04-12T17:13:18Z
33822538,2015-04-12T15:57:10Z
33822538,2015-04-12T15:52:51Z
33822538,2014-08-06T20:32:54Z
33822538,2012-02-18T00:13:49Z
33822538,2012-02-17T20:24:18Z
15166809,2013-12-13T15:29:15Z
15166809,2013-12-13T15:27:36Z
15166809,2013-12-13T15:26:21Z
15166809,2013-12-13T15:21:51Z
15166809,2013-12-13T15:03:15Z
15166809,2013-12-13T15:00:59Z
21306844,2014-06-29T01:09:02Z
21306844,2014-06-28T17:40:01Z
21306844,2014-06-28T17:37:00Z
21306844,2014-06-28T16:40:00Z
21306844,2014-06-28T16:25:47Z
2774234,2012-01-03T14:09:23Z
2774234,2011-12-05T15:27:46Z
2774234,2011-12-05T15:22:02Z
2774234,2011-12-05T14:08:28Z
2774234,2011-12-05T14:06:27Z
2774234,2011-12-05T14:05:17Z
2774234,2011-11-17T21:55:33Z
2774234,2011-11-17T21:45:05Z
2774234,2011-11-17T21:40:49Z
2774234,2011-11-14T18:35:09Z
10122344,2013-05-27T22:18:11Z
10122344,2013-05-27T22:17:30Z
10122344,2013-05-27T20:57:52Z
10122344,2013-05-22T17:19:54Z
10122344,2013-05-19T23:22:20Z
10122344,2013-05-19T23:20:05Z
10122344,2013-05-19T22:53:18Z
10122344,2013-05-17T18:31:54Z
10122344,2013-05-17T18:17:33Z
10122344,2013-05-17T18:16:00Z
10122344,2013-05-17T18:14:05Z
10122344,2013-05-17T18:12:28Z
10122344,2013-05-17T18:12:19Z
10122344,2013-05-17T18:12:10Z
10122344,2013-05-17T12:15:42Z
843183,2010-09-05T12:10:05Z
843183,2010-09-05T12:02:29Z
843183,2010-09-05T11:57:38Z
843183,2010-09-05T11:54:14Z
843183,2010-08-24T14:03:04Z
843183,2010-08-24T13:59:51Z
843183,2010-08-24T13:50:34Z
843183,2010-08-17T09:20:21Z
843183,2010-08-17T09:17:58Z
843183,2010-08-17T09:00:53Z
843183,2010-08-17T08:59:10Z
19843173,2014-05-20T00:05:30Z
19843173,2014-05-20T00:00:38Z
19843173,2014-05-17T14:47:55Z
19843173,2014-05-17T14:44:57Z
19843173,2014-05-16T09:11:37Z
19843173,2014-05-16T09:06:51Z
19843173,2014-05-16T08:43:35Z
19843173,2014-05-16T08:37:10Z
19843173,2014-05-16T08:02:58Z
19843173,2014-05-16T07:42:56Z
19843173,2014-05-16T07:27:07Z
19843173,2014-05-16T06:19:59Z
19843173,2014-05-16T06:13:26Z
19843173,2014-05-16T06:03:51Z
19843173,2014-05-16T05:50:33Z
19843173,2014-05-16T05:38:05Z
19843173,2014-05-16T05:35:33Z
19843173,2014-05-16T05:06:01Z
19843173,2014-05-16T04:50:33Z
19843173,2014-05-16T03:13:10Z
19843173,2014-05-16T03:11:13Z
19843173,2014-05-16T03:09:10Z
19843173,2014-05-16T02:49:07Z
19843173,2014-05-15T09:37:09Z
19843173,2014-05-15T04:09:52Z
20754413,2014-06-15T23:29:53Z
20754413,2014-06-15T06:44:14Z
20754413,2014-06-14T05:51:56Z
20754413,2014-06-12T05:31:08Z
20754413,2014-06-12T05:16:43Z
20754413,2014-06-12T04:37:37Z
20754413,2014-06-12T04:36:56Z
20754413,2014-06-12T04:20:01Z
3978725,2012-04-10T04:14:04Z
3978725,2012-04-10T04:00:53Z
3978725,2012-04-10T04:00:12Z
9644212,2013-04-24T09:58:40Z
9644212,2013-04-24T09:56:40Z
9644212,2013-04-24T09:55:55Z
9644212,2013-04-24T09:53:14Z
9644212,2013-04-24T09:52:01Z
2299715,2014-04-20T04:30:55Z
2299715,2014-04-20T04:29:09Z
2299715,2014-03-19T18:24:20Z
2299715,2014-03-19T17:21:01Z
2299715,2014-03-18T19:06:34Z
2299715,2014-03-18T17:25:46Z
2299715,2014-03-18T17:16:18Z
2299715,2013-05-07T16:28:58Z
2299715,2013-05-07T11:28:23Z
2299715,2013-05-07T11:25:43Z
2299715,2013-05-07T11:17:02Z
2299715,2013-05-06T18:18:04Z
2299715,2013-05-06T18:17:07Z
2299715,2012-11-11T00:45:53Z
2299715,2011-10-12T03:59:16Z
2299715,2011-08-31T05:29:54Z
2299715,2011-08-31T05:27:05Z
2299715,2011-08-31T05:26:08Z
2299715,2011-08-31T05:19:17Z
2299715,2011-08-31T05:18:50Z
2299715,2011-08-21T04:50:43Z
10548078,2016-04-26T17:09:55Z
10548078,2016-04-25T19:07:57Z
10548078,2016-04-25T18:36:42Z
10548078,2016-04-25T15:24:54Z
10548078,2016-04-25T14:50:49Z
10548078,2016-04-25T14:43:59Z
10548078,2016-04-20T17:28:35Z
10548078,2016-04-20T17:21:05Z
10548078,2016-04-20T16:05:05Z
10548078,2016-04-20T16:04:17Z
10548078,2016-04-18T19:00:47Z
10548078,2016-04-18T06:15:34Z
10548078,2016-04-18T05:58:50Z
10548078,2016-04-18T18:36:17Z
10548078,2016-04-18T18:19:53Z
10548078,2016-04-18T17:58:33Z
10548078,2016-04-18T12:13:56Z
10548078,2016-04-18T08:20:18Z
10548078,2016-04-18T06:56:23Z
10548078,2016-04-18T05:30:18Z
10548078,2016-04-18T05:14:27Z
10548078,2016-04-18T05:11:03Z
10548078,2016-04-18T04:24:37Z
10548078,2016-04-18T04:16:46Z
10548078,2016-04-18T04:01:10Z
10548078,2016-03-22T19:57:53Z
10548078,2016-03-22T19:57:26Z
10548078,2016-03-10T20:17:05Z
10548078,2016-03-08T03:37:05Z
10548078,2016-02-29T15:59:27Z
10548078,2016-02-29T08:44:19Z
10548078,2016-02-29T08:13:47Z
10548078,2016-02-29T07:51:42Z
10548078,2016-02-27T21:14:58Z
10548078,2016-02-27T20:04:39Z
10548078,2016-02-27T01:51:28Z
10548078,2016-02-26T22:57:37Z
10548078,2016-02-26T22:56:04Z
10548078,2016-02-26T22:55:59Z
10548078,2016-02-26T22:50:20Z
10548078,2016-02-26T22:49:49Z
10548078,2016-02-26T22:48:47Z
10548078,2016-02-26T04:59:21Z
10548078,2016-02-26T04:26:25Z
10548078,2016-02-26T04:24:57Z
10548078,2016-02-26T02:42:10Z
10548078,2016-02-24T21:30:06Z
10548078,2016-02-09T16:39:15Z
10548078,2015-09-30T21:35:00Z
10548078,2015-07-23T19:13:19Z
10548078,2015-07-23T19:10:36Z
10548078,2015-07-23T19:04:51Z
10548078,2015-02-16T16:16:37Z
10548078,2015-02-16T14:01:24Z
10548078,2015-02-09T15:52:23Z
10548078,2015-02-09T14:32:43Z
10548078,2015-01-28T23:51:31Z
10548078,2015-01-28T23:50:15Z
10548078,2015-01-28T23:06:50Z
10548078,2014-12-30T16:16:03Z
10548078,2014-12-19T16:21:37Z
10548078,2014-09-13T22:45:04Z
10548078,2014-09-13T22:44:21Z
10548078,2013-07-22T15:30:43Z
10548078,2013-07-17T04:22:37Z
10548078,2013-06-25T05:27:28Z
10548078,2013-06-21T21:41:14Z
10548078,2013-06-21T21:34:49Z
10548078,2013-06-21T21:12:55Z
10548078,2013-06-21T17:57:24Z
10548078,2013-06-21T17:51:21Z
10548078,2013-06-21T17:41:07Z
10548078,2013-06-21T17:30:40Z
10548078,2013-06-14T04:18:58Z
10548078,2013-06-13T00:14:22Z
10548078,2013-06-12T04:03:53Z
10548078,2013-06-11T13:34:01Z
10548078,2013-06-11T13:25:37Z
10548078,2013-06-11T07:20:09Z
10548078,2013-06-11T07:17:10Z
10548078,2013-06-11T07:16:38Z
10548078,2013-06-08T20:06:29Z
10548078,2013-06-08T04:31:16Z
10548078,2013-06-07T10:56:55Z
10548078,2013-06-07T10:55:05Z
10548078,2013-06-07T09:39:26Z
8555906,2013-03-05T20:57:45Z
8555906,2013-03-04T13:20:25Z
8555906,2013-03-04T13:18:23Z
8555906,2013-03-04T13:16:57Z
10367043,2013-05-29T19:10:00Z
11323895,2013-07-10T20:50:24Z
11323895,2013-07-10T20:48:29Z
11323895,2013-07-10T20:47:27Z
11323895,2013-07-10T20:45:03Z
13615903,2013-10-16T18:55:59Z
13871196,2013-10-25T23:00:21Z
13871196,2013-10-25T21:32:21Z
13871237,2013-10-26T04:59:31Z
13871237,2013-10-26T00:20:02Z
13871237,2013-10-26T00:03:47Z
13871237,2013-10-25T23:43:30Z
13871237,2013-10-25T23:39:58Z
13871237,2013-10-25T21:24:54Z
13871237,2013-10-25T21:02:31Z
13871237,2013-10-25T20:21:33Z
13871323,2013-11-06T22:54:41Z
13871323,2013-11-06T22:56:35Z
13871323,2013-10-26T05:01:35Z
13871323,2013-10-26T04:56:44Z
13871323,2013-10-26T04:56:15Z
13871323,2013-10-26T04:53:52Z
13871323,2013-10-25T22:36:31Z
13871323,2013-10-25T21:02:17Z
13871323,2013-10-25T20:26:30Z
13871439,2013-10-26T04:14:11Z
13871439,2013-10-26T03:48:00Z
13871439,2013-10-26T02:41:22Z
13871439,2013-10-25T22:24:21Z
13871439,2013-10-25T22:04:39Z
13871439,2013-10-25T21:30:24Z
13871439,2013-10-25T20:31:51Z
